{"cameraMode":{"drawMode":0,"name":"Shaded","section":"Shading Mode"},"sceneLighting":true,"audioPlay":false,"sceneViewState":{"m_AlwaysRefresh":false,"showFog":true,"showSkybox":true,"showFlares":true,"showImageEffects":true,"showParticleSystems":true,"showVisualEffectGraphs":true,"m_FxEnabled":true},"in2DMode":false,"pivot":{"x":-1.2207523584365845,"y":-0.45143112540245058,"z":0.22004835307598115},"rotation":{"x":-0.08527936786413193,"y":0.8906432390213013,"z":-0.18733036518096925,"w":-0.4054528474807739},"size":3.823497772216797,"orthographic":false}