{"cameraMode":{"drawMode":0,"name":"Shaded","section":"Shading Mode"},"sceneLighting":true,"audioPlay":false,"sceneViewState":{"m_AlwaysRefresh":false,"showFog":true,"showSkybox":true,"showFlares":true,"showImageEffects":true,"showParticleSystems":true,"showVisualEffectGraphs":true,"m_FxEnabled":true},"in2DMode":false,"pivot":{"x":0.0012630634009838105,"y":-4.58823299407959,"z":2.9800403118133547},"rotation":{"x":0.4207589030265808,"y":-0.24379770457744599,"z":0.11848925054073334,"w":0.8657311797142029},"size":3.9505510330200197,"orthographic":true}